farmer_id,age,land_size,income,loan_amount,loan_term,previous_defaults,rainfall,market_index,crop_type,soil_type,label_repaid,Year
FRM0001,58,25.09,715755,53642,36,3,204,75,Wheat,Black,Low Risk,2020
FRM0002,48,24.2,197313,337304,16,5,69,77,Sugarcane,Loamy,High Risk,2021
FRM0003,34,9.49,940324,289746,15,0,43,42,Rice,Black,Low Risk,2022
FRM0004,62,22.26,208768,375464,8,4,328,45,Cotton,Clay,High Risk,2023
FRM0005,27,20.53,296726,98801,59,2,300,91,Wheat,Red,Low Risk,2024
FRM0006,40,31.18,906912,298075,19,1,227,28,Cotton,Black,Low Risk,2025
FRM0007,58,32.12,620451,104377,21,2,183,37,Wheat,Sandy,Low Risk,2020
FRM0008,38,3.22,69816,301336,15,1,106,49,Sugarcane,Loamy,High Risk,2021
FRM0009,42,19.36,807907,318686,34,2,83,93,Sugarcane,Clay,Low Risk,2022
FRM0010,30,31.67,364997,399159,15,1,337,85,Maize,Sandy,Low Risk,2023
FRM0011,30,25.65,205989,314664,17,5,249,24,Cotton,Clay,High Risk,2024
FRM0012,43,42.97,671019,336916,35,3,362,50,Wheat,Red,Medium Risk,2025
FRM0013,55,33.28,726926,461978,46,1,20,48,Sugarcane,Loamy,Low Risk,2020
FRM0014,59,8.98,256524,322250,6,1,195,11,Rice,Loamy,Medium Risk,2021
FRM0015,43,4.46,637111,91121,10,0,177,72,Sugarcane,Red,Low Risk,2022
FRM0016,22,32.48,201878,35559,25,1,6,38,Rice,Loamy,Low Risk,2023
FRM0017,41,2.3,780880,377739,13,0,69,83,Wheat,Black,Low Risk,2024
FRM0018,21,29.7,576047,43742,48,4,126,75,Sugarcane,Clay,Medium Risk,2025
FRM0019,43,47.07,831452,341813,17,5,398,60,Sugarcane,Sandy,Medium Risk,2020
FRM0020,63,29.2,485165,483415,6,0,159,84,Wheat,Red,Low Risk,2021
FRM0021,49,20.02,928806,162826,59,3,247,86,Sugarcane,Black,Low Risk,2022
FRM0022,57,32.52,183554,145044,25,5,202,19,Rice,Sandy,High Risk,2023
FRM0023,21,23.45,860874,342975,33,0,147,23,Sugarcane,Sandy,Low Risk,2024
FRM0024,40,27.74,501282,122217,48,5,142,91,Cotton,Red,Medium Risk,2025
FRM0025,52,47.13,143501,51873,42,5,198,60,Maize,Black,Medium Risk,2020
FRM0026,31,19.92,314223,497877,52,5,153,82,Rice,Sandy,High Risk,2021
FRM0027,41,48.1,970221,378676,42,4,375,48,Cotton,Sandy,Medium Risk,2022
FRM0028,63,45.36,109676,398411,17,3,383,37,Wheat,Black,High Risk,2023
FRM0029,44,10.59,995456,413119,42,2,141,12,Rice,Loamy,Medium Risk,2024
FRM0030,68,4.4,791804,144092,54,2,312,93,Maize,Sandy,Low Risk,2025
FRM0031,46,5.94,223532,313899,54,0,164,79,Maize,Clay,Low Risk,2020
FRM0032,61,1.89,664685,358100,49,5,313,36,Wheat,Black,High Risk,2021
FRM0033,47,5.63,647135,96988,33,0,20,11,Wheat,Sandy,Low Risk,2022
FRM0034,35,34.47,667895,55648,52,4,81,47,Rice,Red,Medium Risk,2023
FRM0035,34,4.49,270178,135991,20,4,68,12,Sugarcane,Clay,High Risk,2024
FRM0036,66,16.63,199521,412732,11,1,130,25,Wheat,Sandy,Medium Risk,2025
FRM0037,63,42.4,476752,387149,49,4,86,49,Sugarcane,Clay,Medium Risk,2020
FRM0038,22,2.14,638365,12396,25,1,217,11,Cotton,Clay,Low Risk,2021
FRM0039,56,40.91,874690,94082,55,3,304,90,Maize,Loamy,Low Risk,2022
FRM0040,26,14.81,753662,422345,19,0,370,50,Sugarcane,Clay,Low Risk,2023
FRM0041,40,6.79,307009,138322,7,3,344,21,Maize,Loamy,Medium Risk,2024
FRM0042,28,35.14,996369,142663,14,4,340,44,Sugarcane,Black,Medium Risk,2025
FRM0043,58,31.82,187717,21303,42,3,383,74,Cotton,Loamy,Low Risk,2020
FRM0044,37,44.0,431915,171633,25,3,395,64,Wheat,Red,Medium Risk,2021
FRM0045,23,37.02,612288,343863,31,3,160,54,Cotton,Sandy,Medium Risk,2022
FRM0046,44,40.37,601025,259690,34,4,177,88,Wheat,Black,Low Risk,2023
FRM0047,33,14.82,847917,495324,6,5,116,99,Wheat,Black,Medium Risk,2024
FRM0048,69,9.69,350709,269820,40,3,195,94,Maize,Red,Low Risk,2025
FRM0049,28,37.78,993026,109616,11,1,382,71,Cotton,Loamy,Low Risk,2020
FRM0050,45,40.53,956046,396309,42,4,326,58,Sugarcane,Sandy,Medium Risk,2021
FRM0051,21,49.53,901587,96231,58,3,85,34,Cotton,Loamy,Medium Risk,2022
FRM0052,39,21.22,236240,279458,10,5,288,32,Maize,Clay,High Risk,2023
FRM0053,47,19.23,626775,29623,38,4,80,33,Wheat,Loamy,Medium Risk,2024
FRM0054,66,39.04,966380,208747,54,2,151,47,Maize,Black,Low Risk,2025
FRM0055,26,17.7,324486,468298,56,5,60,37,Rice,Sandy,High Risk,2020
FRM0056,63,46.61,352950,486840,19,1,60,30,Rice,Loamy,Medium Risk,2021
FRM0057,27,43.06,360914,115228,17,3,353,63,Sugarcane,Sandy,Medium Risk,2022
FRM0058,66,22.02,128623,436346,47,2,27,27,Maize,Sandy,High Risk,2023
FRM0059,54,37.79,415321,192828,25,2,42,45,Sugarcane,Clay,Low Risk,2024
FRM0060,33,37.97,967458,369768,58,4,168,54,Sugarcane,Clay,Medium Risk,2025
FRM0061,36,6.05,912061,167364,55,2,85,82,Rice,Black,Low Risk,2020
FRM0062,55,45.23,957425,383929,29,1,176,62,Sugarcane,Red,Low Risk,2021
FRM0063,69,25.76,233675,358350,48,1,16,39,Rice,Sandy,Medium Risk,2022
FRM0064,59,41.5,963376,79274,39,0,97,69,Wheat,Red,Low Risk,2023
FRM0065,23,16.68,787334,143541,30,1,197,41,Maize,Black,Low Risk,2024
FRM0066,21,44.88,680235,63947,55,5,97,76,Sugarcane,Sandy,Medium Risk,2025
FRM0067,25,20.07,862831,163606,34,2,64,76,Rice,Sandy,Low Risk,2020
FRM0068,61,1.53,702465,204692,44,1,329,37,Cotton,Red,Low Risk,2021
FRM0069,23,45.36,266454,58874,36,4,340,53,Sugarcane,Loamy,Medium Risk,2022
FRM0070,48,5.47,159575,59708,52,0,4,88,Wheat,Clay,Low Risk,2023
FRM0071,37,16.65,947336,84553,48,2,1,50,Wheat,Loamy,Low Risk,2024
FRM0072,45,47.55,257606,78344,55,0,21,72,Cotton,Red,Low Risk,2025
FRM0073,63,47.58,555815,321282,28,2,111,32,Rice,Clay,Medium Risk,2020
FRM0074,53,29.1,342822,195374,49,4,56,84,Sugarcane,Loamy,Low Risk,2021
FRM0075,29,31.96,126218,57638,43,0,65,57,Rice,Clay,Low Risk,2022
FRM0076,55,22.97,637518,88249,25,3,329,41,Wheat,Sandy,Low Risk,2023
FRM0077,33,15.37,820044,378009,28,5,97,66,Rice,Loamy,Medium Risk,2024
FRM0078,50,17.1,386199,12719,50,5,143,42,Wheat,Clay,High Risk,2025
FRM0079,67,33.95,499589,163962,57,2,367,33,Rice,Clay,Medium Risk,2020
FRM0080,34,37.87,736840,480452,21,3,124,48,Cotton,Clay,Medium Risk,2021
FRM0081,27,39.79,528446,439725,55,0,166,43,Maize,Loamy,Low Risk,2022
FRM0082,33,39.69,512052,52534,47,3,85,65,Cotton,Black,Low Risk,2023
FRM0083,42,5.47,384402,102241,13,3,75,37,Cotton,Loamy,Medium Risk,2024
FRM0084,59,25.23,89986,422003,55,0,343,46,Maize,Red,High Risk,2025
FRM0085,40,3.82,729520,136209,26,4,293,16,Maize,Loamy,Medium Risk,2020
FRM0086,35,27.93,397739,452061,6,3,58,77,Sugarcane,Clay,Low Risk,2021
FRM0087,64,22.63,675646,199004,13,3,137,46,Sugarcane,Sandy,Low Risk,2022
FRM0088,37,44.5,522327,102124,34,4,98,65,Cotton,Loamy,Medium Risk,2023
FRM0089,66,18.19,377073,101659,37,3,191,74,Cotton,Loamy,Low Risk,2024
FRM0090,43,6.74,647794,174134,43,3,242,74,Wheat,Clay,Low Risk,2025
FRM0091,45,8.01,84911,85713,10,3,318,56,Wheat,Sandy,Medium Risk,2020
FRM0092,44,38.31,923559,228335,52,5,48,29,Sugarcane,Sandy,High Risk,2021
FRM0093,64,31.29,475037,498972,27,1,31,28,Sugarcane,Red,Low Risk,2022
FRM0094,60,5.96,780399,463677,52,4,390,38,Wheat,Loamy,Medium Risk,2023
FRM0095,48,5.12,949885,85418,39,3,276,83,Wheat,Sandy,Low Risk,2024
FRM0096,34,35.35,658746,469888,6,5,19,69,Rice,Sandy,Medium Risk,2025
FRM0097,64,4.57,62175,138232,31,4,153,27,Rice,Black,High Risk,2020
FRM0098,20,41.27,955667,438048,48,2,382,44,Wheat,Black,Medium Risk,2021
FRM0099,44,35.61,366915,173038,15,2,67,52,Rice,Sandy,Low Risk,2022
FRM0100,26,4.99,549876,475761,35,3,365,20,Maize,Red,Medium Risk,2023
FRM0101,28,5.16,963589,416203,55,5,371,58,Sugarcane,Sandy,Medium Risk,2024
FRM0102,43,49.35,695588,178383,23,5,213,47,Sugarcane,Clay,Medium Risk,2025
FRM0103,20,19.34,661213,303719,22,4,142,73,Wheat,Loamy,Medium Risk,2020
FRM0104,63,19.16,818734,335996,31,4,375,78,Cotton,Red,Medium Risk,2021
FRM0105,27,40.83,116358,268722,13,5,231,17,Wheat,Clay,High Risk,2022
FRM0106,43,47.42,460543,142079,52,4,212,43,Rice,Red,Medium Risk,2023
FRM0107,30,49.31,97057,212053,45,5,78,57,Cotton,Clay,High Risk,2024
FRM0108,36,37.92,318294,86242,54,1,213,65,Rice,Loamy,Low Risk,2025
FRM0109,27,19.44,840857,188589,17,5,115,85,Maize,Loamy,Medium Risk,2020
FRM0110,54,5.09,304726,39257,32,2,91,74,Rice,Black,Low Risk,2021
FRM0111,54,39.08,328176,490488,13,4,269,40,Maize,Clay,High Risk,2022
FRM0112,52,28.36,576486,445423,30,5,380,13,Maize,Black,High Risk,2023
FRM0113,24,21.79,758754,154353,51,5,167,59,Rice,Clay,Medium Risk,2024
FRM0114,61,45.41,987583,333390,9,4,57,78,Rice,Black,Medium Risk,2025
FRM0115,58,6.45,217292,273579,38,1,283,39,Maize,Loamy,Low Risk,2020
FRM0116,60,25.14,194931,239947,6,1,25,97,Cotton,Red,Low Risk,2021
FRM0117,47,1.56,493676,241758,24,4,368,68,Maize,Black,Medium Risk,2022
FRM0118,26,23.96,212491,101357,36,0,65,76,Sugarcane,Clay,Low Risk,2023
FRM0119,28,3.76,431009,167732,21,4,247,84,Maize,Clay,Medium Risk,2024
FRM0120,27,6.82,451921,408300,19,4,253,54,Cotton,Loamy,High Risk,2025
FRM0121,31,6.76,310910,485413,58,1,386,13,Sugarcane,Clay,Medium Risk,2020
FRM0122,53,32.81,73236,416723,53,1,43,35,Wheat,Sandy,High Risk,2021
FRM0123,52,37.56,137955,213667,10,4,96,36,Wheat,Red,High Risk,2022
FRM0124,67,29.59,790874,93807,46,4,41,55,Cotton,Black,Medium Risk,2023
FRM0125,42,48.15,677433,448755,31,4,226,73,Maize,Red,Medium Risk,2024
FRM0126,43,19.37,720718,388097,33,1,261,60,Rice,Loamy,Low Risk,2025
FRM0127,56,15.0,280785,148563,7,4,166,59,Cotton,Black,Medium Risk,2020
FRM0128,54,43.56,144914,268778,55,4,278,15,Sugarcane,Black,High Risk,2021
FRM0129,63,11.96,939302,191264,11,3,88,68,Sugarcane,Sandy,Low Risk,2022
FRM0130,59,48.2,257990,483611,14,0,378,24,Wheat,Loamy,Medium Risk,2023
FRM0131,41,1.6,428387,395941,38,2,177,39,Sugarcane,Clay,Medium Risk,2024
FRM0132,46,48.52,588884,336032,46,0,196,51,Cotton,Sandy,Low Risk,2025
FRM0133,54,3.11,706639,83609,30,3,306,46,Sugarcane,Sandy,Low Risk,2020
FRM0134,20,44.67,244269,281221,53,2,266,51,Cotton,Red,Medium Risk,2021
FRM0135,54,26.86,947928,258512,18,4,267,44,Rice,Red,Medium Risk,2022
FRM0136,56,49.66,442417,263973,14,3,73,96,Wheat,Red,Low Risk,2023
FRM0137,66,4.62,188155,293097,58,4,7,15,Sugarcane,Sandy,High Risk,2024
FRM0138,33,28.14,170674,480135,18,1,296,77,Cotton,Clay,Medium Risk,2025
FRM0139,22,48.5,956739,386826,36,5,163,27,Maize,Black,High Risk,2020
FRM0140,20,26.63,831817,340033,46,3,84,82,Wheat,Red,Low Risk,2021
FRM0141,24,31.84,814757,164893,16,1,71,38,Rice,Clay,Low Risk,2022
FRM0142,45,35.09,985275,440783,9,3,54,86,Cotton,Loamy,Low Risk,2023
FRM0143,33,23.27,997479,125374,39,3,392,68,Rice,Red,Low Risk,2024
FRM0144,58,31.75,306713,34860,43,1,46,56,Rice,Black,Low Risk,2025
FRM0145,46,29.63,491501,162267,51,2,398,26,Sugarcane,Loamy,Medium Risk,2020
FRM0146,28,45.16,593351,87475,9,0,237,31,Sugarcane,Loamy,Low Risk,2021
FRM0147,34,3.23,117642,494090,43,4,103,77,Cotton,Black,High Risk,2022
FRM0148,34,14.77,140093,359410,24,3,209,78,Maize,Red,High Risk,2023
FRM0149,45,47.57,557606,162499,11,4,41,46,Cotton,Sandy,Medium Risk,2024
FRM0150,61,44.62,267215,372876,39,5,315,58,Maize,Black,High Risk,2025
FRM0151,32,23.33,757280,299227,23,1,267,22,Rice,Black,Low Risk,2020
FRM0152,51,31.39,733889,228118,18,4,385,43,Wheat,Black,Medium Risk,2021
FRM0153,58,14.59,85954,329516,46,1,262,95,Cotton,Loamy,High Risk,2022
FRM0154,68,10.22,77856,133786,28,4,335,62,Cotton,Clay,High Risk,2023
FRM0155,51,23.72,576861,447280,24,0,386,96,Maize,Sandy,Low Risk,2024
FRM0156,23,18.31,609655,17813,50,0,364,60,Rice,Red,Low Risk,2025
FRM0157,49,29.6,545553,41598,16,0,258,12,Rice,Red,Low Risk,2020
FRM0158,56,4.81,812092,267951,6,0,282,51,Maize,Clay,Low Risk,2021
FRM0159,42,48.75,936040,103106,29,0,113,41,Rice,Black,Low Risk,2022
FRM0160,58,49.32,372918,299226,59,0,362,60,Sugarcane,Sandy,Low Risk,2023
FRM0161,64,35.21,73752,301385,12,1,39,94,Wheat,Red,High Risk,2024
FRM0162,34,27.27,891461,237286,30,3,219,55,Cotton,Red,Low Risk,2025
FRM0163,62,16.17,198757,447785,26,4,128,30,Wheat,Black,High Risk,2020
FRM0164,48,40.88,966714,21745,20,0,7,53,Cotton,Clay,Low Risk,2021
FRM0165,55,34.55,363837,298173,6,1,100,20,Sugarcane,Sandy,Low Risk,2022
FRM0166,32,8.97,166739,154097,17,1,379,77,Rice,Clay,Low Risk,2023
FRM0167,51,45.64,892393,242732,12,1,175,10,Maize,Clay,Medium Risk,2024
FRM0168,26,41.3,288009,395539,20,3,106,72,Sugarcane,Sandy,Medium Risk,2025
FRM0169,41,47.54,830316,155360,26,4,100,33,Wheat,Sandy,Medium Risk,2020
FRM0170,47,36.56,257980,99186,24,3,259,22,Maize,Red,Medium Risk,2021
FRM0171,21,31.06,306609,409756,34,2,365,20,Rice,Red,Medium Risk,2022
FRM0172,61,21.49,438822,369912,30,1,245,60,Sugarcane,Sandy,Low Risk,2023
FRM0173,64,46.7,386676,223030,38,2,274,26,Maize,Loamy,Low Risk,2024
FRM0174,25,43.44,394138,209950,54,5,31,91,Sugarcane,Red,Medium Risk,2025
FRM0175,47,3.22,368277,51846,37,0,136,95,Sugarcane,Loamy,Low Risk,2020
FRM0176,47,2.29,568271,348076,54,0,11,33,Rice,Sandy,Low Risk,2021
FRM0177,63,19.45,373412,158554,40,3,394,28,Cotton,Red,Medium Risk,2022
FRM0178,63,40.72,535417,295555,49,4,301,46,Maize,Clay,Medium Risk,2023
FRM0179,39,49.38,481459,454191,43,2,374,94,Rice,Sandy,Low Risk,2024
FRM0180,49,8.37,238456,463761,31,4,15,17,Sugarcane,Black,High Risk,2025
FRM0181,30,30.11,605941,350941,16,3,128,37,Rice,Loamy,Medium Risk,2020
FRM0182,47,19.66,207729,324451,40,0,62,14,Cotton,Sandy,Medium Risk,2021
FRM0183,44,48.53,989684,406309,13,4,108,26,Maize,Sandy,Medium Risk,2022
FRM0184,58,42.26,278504,480474,51,4,374,45,Cotton,Red,High Risk,2023
FRM0185,52,42.08,696117,294186,19,0,20,28,Wheat,Red,Low Risk,2024
FRM0186,20,23.97,702665,62930,15,2,157,73,Maize,Red,Low Risk,2025
FRM0187,46,21.33,575910,258656,7,0,268,20,Cotton,Black,Low Risk,2020
FRM0188,32,14.4,623044,447629,51,4,161,63,Sugarcane,Red,Medium Risk,2021
FRM0189,60,3.76,90809,254459,14,2,259,54,Maize,Sandy,High Risk,2022
FRM0190,22,43.37,591013,234695,8,2,101,56,Maize,Red,Low Risk,2023
FRM0191,58,40.83,766756,370027,26,0,222,21,Rice,Clay,Low Risk,2024
FRM0192,25,49.99,101226,305900,31,4,58,30,Sugarcane,Red,High Risk,2025
FRM0193,27,49.84,549512,63268,13,3,246,20,Wheat,Black,Medium Risk,2020
FRM0194,46,28.22,655470,442430,53,4,127,14,Cotton,Clay,High Risk,2021
FRM0195,28,38.68,525781,222943,7,1,282,90,Rice,Sandy,Low Risk,2022
FRM0196,56,47.29,79402,268916,11,5,324,65,Cotton,Sandy,High Risk,2023
FRM0197,52,42.63,54263,431818,33,3,24,29,Wheat,Loamy,High Risk,2024
FRM0198,61,13.12,801883,194403,58,2,130,50,Wheat,Clay,Low Risk,2025
FRM0199,63,23.08,227900,58901,34,3,352,55,Maize,Loamy,Medium Risk,2020
FRM0200,43,7.33,622212,372130,31,2,195,21,Wheat,Clay,Medium Risk,2021
FRM0201,34,47.75,386326,204488,30,2,280,79,Cotton,Clay,Low Risk,2022
FRM0202,51,30.7,274137,173268,17,3,153,26,Sugarcane,Black,Medium Risk,2023
FRM0203,51,12.2,502268,400530,10,2,381,28,Sugarcane,Loamy,Medium Risk,2024
FRM0204,43,33.91,979168,277770,39,2,132,35,Maize,Black,Medium Risk,2025
FRM0205,60,31.29,347881,148496,53,1,226,57,Cotton,Clay,Low Risk,2020
FRM0206,68,18.55,413476,285001,42,4,188,61,Cotton,Sandy,Medium Risk,2021
FRM0207,68,6.56,401707,251531,20,4,264,79,Wheat,Clay,Medium Risk,2022
FRM0208,31,33.91,734733,256693,49,5,371,64,Cotton,Black,Medium Risk,2023
FRM0209,58,26.5,560585,423198,41,5,133,84,Rice,Loamy,Medium Risk,2024
FRM0210,21,38.84,741757,480177,20,1,210,42,Wheat,Loamy,Low Risk,2025
FRM0211,22,26.49,440719,405196,48,5,59,71,Rice,Black,High Risk,2020
FRM0212,68,42.76,529361,189362,53,3,376,97,Maize,Loamy,Low Risk,2021
FRM0213,56,28.04,151371,36431,28,0,394,32,Sugarcane,Red,Low Risk,2022
FRM0214,68,28.49,612997,357120,11,0,363,24,Maize,Sandy,Low Risk,2023
FRM0215,36,43.96,242192,248360,51,0,363,36,Sugarcane,Sandy,Low Risk,2024
FRM0216,68,20.77,200322,354855,55,1,212,84,Maize,Sandy,Low Risk,2025
FRM0217,21,7.57,71172,36385,49,1,215,73,Cotton,Loamy,Low Risk,2020
FRM0218,21,2.41,585843,441374,48,2,225,90,Rice,Loamy,Low Risk,2021
FRM0219,47,38.0,627564,426235,50,0,130,60,Sugarcane,Clay,Low Risk,2022
FRM0220,42,31.4,631780,290783,26,3,75,62,Wheat,Clay,Medium Risk,2023
FRM0221,56,35.5,758362,95530,28,5,285,87,Rice,Sandy,Medium Risk,2024
FRM0222,51,11.44,563319,240983,48,3,276,91,Wheat,Red,Low Risk,2025
FRM0223,52,7.68,830298,293707,21,5,155,60,Rice,Clay,Medium Risk,2020
FRM0224,20,1.71,926031,442557,52,0,247,56,Rice,Clay,Low Risk,2021
FRM0225,38,18.18,272320,387816,58,0,217,13,Maize,Loamy,Low Risk,2022
FRM0226,21,29.91,467978,408992,20,0,189,16,Sugarcane,Red,Low Risk,2023
FRM0227,63,20.22,61046,439660,30,1,162,44,Sugarcane,Sandy,High Risk,2024
FRM0228,45,22.44,278071,472132,41,5,179,57,Rice,Clay,High Risk,2025
FRM0229,51,45.3,428165,411927,16,1,33,82,Cotton,Red,Low Risk,2020
FRM0230,25,18.06,996273,215390,56,1,40,81,Cotton,Red,Low Risk,2021
FRM0231,51,26.19,758662,355114,20,4,306,54,Wheat,Sandy,Medium Risk,2022
FRM0232,23,39.4,466366,253373,9,3,337,90,Wheat,Red,Low Risk,2023
FRM0233,30,20.43,316997,357697,26,3,313,90,Maize,Red,Low Risk,2024
FRM0234,36,31.48,695188,171779,18,2,74,81,Rice,Red,Low Risk,2025
FRM0235,57,43.26,532615,180182,27,1,278,28,Wheat,Clay,Low Risk,2020
FRM0236,43,47.53,465008,202860,24,5,175,72,Wheat,Sandy,Medium Risk,2021
FRM0237,24,8.21,633417,92879,39,4,383,47,Rice,Red,Medium Risk,2022
FRM0238,53,46.4,811379,442043,19,4,149,76,Maize,Red,Medium Risk,2023
FRM0239,25,25.11,255550,248260,9,3,272,68,Wheat,Clay,Medium Risk,2024
FRM0240,41,13.65,294883,408871,53,1,324,78,Maize,Sandy,Low Risk,2025
FRM0241,30,23.5,688418,317003,58,2,107,22,Sugarcane,Loamy,Medium Risk,2020
FRM0242,67,49.02,510514,456841,57,1,138,56,Maize,Clay,Low Risk,2021
FRM0243,35,25.14,999491,324242,51,0,349,70,Cotton,Sandy,Low Risk,2022
FRM0244,52,17.11,721210,156323,32,1,270,40,Cotton,Red,Low Risk,2023
FRM0245,28,32.04,979616,132413,34,0,346,89,Maize,Sandy,Low Risk,2024
FRM0246,25,12.77,171789,272670,52,0,288,31,Cotton,Sandy,Low Risk,2025
FRM0247,35,4.72,729418,340904,33,2,211,95,Sugarcane,Sandy,Low Risk,2020
FRM0248,48,7.32,750780,57837,40,5,380,52,Rice,Loamy,Medium Risk,2021
FRM0249,22,7.27,613178,270550,13,3,271,76,Cotton,Sandy,Medium Risk,2022
FRM0250,39,8.44,116017,283680,21,1,65,63,Cotton,Loamy,Medium Risk,2023
FRM0251,55,7.8,228376,38541,47,0,247,19,Maize,Red,Low Risk,2024
FRM0252,38,32.4,738281,89083,41,1,155,51,Sugarcane,Loamy,Low Risk,2025
FRM0253,45,9.91,549137,454243,35,5,46,73,Rice,Red,High Risk,2020
FRM0254,22,17.94,706884,44531,23,3,200,30,Maize,Red,Medium Risk,2021
FRM0255,38,44.94,674712,280856,7,5,147,89,Maize,Loamy,Medium Risk,2022
FRM0256,39,24.22,851480,376245,54,3,123,85,Sugarcane,Clay,Low Risk,2023
FRM0257,51,33.71,743264,337599,18,4,0,75,Rice,Black,Medium Risk,2024
FRM0258,26,9.44,891344,84744,9,3,246,50,Sugarcane,Sandy,Low Risk,2025
FRM0259,60,10.42,608296,262859,31,2,342,33,Rice,Black,Medium Risk,2020
FRM0260,52,3.0,443276,139749,30,5,127,44,Sugarcane,Sandy,Medium Risk,2021
FRM0261,59,9.28,780026,277253,35,0,190,65,Maize,Sandy,Low Risk,2022
FRM0262,58,14.65,657847,321412,16,4,66,39,Maize,Red,Medium Risk,2023
FRM0263,37,9.67,105337,241809,12,2,3,66,Wheat,Sandy,High Risk,2024
FRM0264,59,5.35,947048,326759,36,1,302,56,Cotton,Sandy,Low Risk,2025
FRM0265,20,6.91,325494,92503,49,5,293,44,Sugarcane,Loamy,Medium Risk,2020
FRM0266,30,23.58,74354,264346,15,0,142,28,Wheat,Black,High Risk,2021
FRM0267,47,11.11,95186,432975,44,3,190,17,Cotton,Loamy,High Risk,2022
FRM0268,44,18.85,602433,95708,18,0,20,35,Sugarcane,Sandy,Low Risk,2023
FRM0269,69,25.67,477236,201184,36,1,226,80,Rice,Red,Low Risk,2024
FRM0270,42,34.83,660411,112471,12,4,312,39,Cotton,Loamy,Medium Risk,2025
FRM0271,50,2.93,549883,264225,54,4,116,16,Maize,Loamy,Medium Risk,2020
FRM0272,49,40.17,780546,167661,47,5,301,76,Wheat,Clay,Medium Risk,2021
FRM0273,61,31.77,790829,171087,47,4,141,74,Cotton,Sandy,Medium Risk,2022
FRM0274,54,5.01,594869,170081,41,5,38,45,Cotton,Red,High Risk,2023
FRM0275,26,43.81,663217,355453,25,5,392,34,Maize,Loamy,High Risk,2024
FRM0276,35,46.12,335195,398590,9,5,354,46,Sugarcane,Loamy,High Risk,2025
FRM0277,45,3.99,625762,203118,59,3,251,10,Rice,Red,Medium Risk,2020
FRM0278,67,14.57,666036,378805,12,2,332,24,Maize,Sandy,Medium Risk,2021
FRM0279,68,40.5,175995,167215,59,5,206,46,Rice,Clay,High Risk,2022
FRM0280,21,37.66,295690,16154,6,5,209,22,Sugarcane,Loamy,High Risk,2023
FRM0281,20,10.04,381770,162876,49,2,114,17,Cotton,Clay,Medium Risk,2024
FRM0282,67,11.26,843392,444904,50,0,224,14,Rice,Black,Low Risk,2025
FRM0283,31,19.15,478988,74288,47,5,133,69,Wheat,Sandy,Medium Risk,2020
FRM0284,24,24.74,989024,61195,52,3,250,82,Wheat,Black,Low Risk,2021
FRM0285,56,31.29,230553,292725,18,4,218,10,Maize,Black,High Risk,2022
FRM0286,51,19.08,610696,455864,27,4,90,45,Sugarcane,Black,High Risk,2023
FRM0287,28,23.66,930438,302231,59,1,353,44,Maize,Sandy,Low Risk,2024
FRM0288,60,37.63,309568,191002,26,1,375,75,Maize,Sandy,Low Risk,2025
FRM0289,54,2.8,369278,174053,27,4,45,72,Maize,Red,Medium Risk,2020
FRM0290,38,13.37,201563,79298,33,4,37,32,Wheat,Clay,High Risk,2021
FRM0291,67,35.95,706701,318311,14,3,141,18,Wheat,Clay,Medium Risk,2022
FRM0292,35,44.87,749983,216376,31,2,99,43,Maize,Red,Low Risk,2023
FRM0293,22,26.07,664615,446624,14,1,327,55,Wheat,Red,Low Risk,2024
FRM0294,39,27.07,443554,49499,20,2,189,87,Sugarcane,Black,Low Risk,2025
FRM0295,43,6.25,252503,397960,15,3,34,13,Maize,Red,High Risk,2020
FRM0296,52,22.92,193326,455485,29,4,146,39,Wheat,Loamy,High Risk,2021
FRM0297,43,27.1,757220,179631,47,5,29,84,Rice,Clay,Medium Risk,2022
FRM0298,30,12.88,61344,255198,13,2,333,81,Maize,Red,High Risk,2023
FRM0299,68,14.19,444966,477535,29,4,83,12,Maize,Loamy,High Risk,2024
FRM0300,27,19.49,642245,252997,21,4,368,23,Sugarcane,Loamy,Medium Risk,2025
FRM0301,55,1.98,155423,498533,54,0,280,69,Cotton,Loamy,Medium Risk,2020
FRM0302,57,16.78,370197,106347,31,2,343,86,Cotton,Loamy,Low Risk,2021
FRM0303,59,11.36,514071,320931,32,5,269,54,Sugarcane,Black,Medium Risk,2022
FRM0304,39,17.05,721256,307632,42,2,153,43,Sugarcane,Loamy,Low Risk,2023
FRM0305,54,6.87,236833,346585,9,4,101,54,Sugarcane,Black,High Risk,2024
FRM0306,67,44.64,767912,215735,55,5,214,70,Cotton,Black,Medium Risk,2025
FRM0307,44,30.09,825435,32431,29,3,149,92,Sugarcane,Loamy,Low Risk,2020
FRM0308,54,34.28,127454,333825,24,0,82,25,Wheat,Clay,Medium Risk,2021
FRM0309,44,39.67,307594,204555,41,4,109,75,Maize,Loamy,Medium Risk,2022
FRM0310,48,25.42,561897,132720,44,1,386,49,Maize,Loamy,Low Risk,2023
FRM0311,37,5.26,402744,59153,15,1,274,26,Rice,Loamy,Low Risk,2024
FRM0312,65,27.32,959164,278512,30,0,200,43,Rice,Clay,Low Risk,2025
FRM0313,37,29.76,566142,430640,23,3,283,25,Maize,Sandy,Medium Risk,2020
FRM0314,21,37.53,995439,384504,24,4,172,69,Wheat,Sandy,Medium Risk,2021
FRM0315,54,22.15,87641,186076,41,2,326,75,Cotton,Black,Medium Risk,2022
FRM0316,35,7.25,603999,487085,15,0,205,75,Cotton,Black,Low Risk,2023
FRM0317,60,14.91,906774,229724,38,3,62,99,Wheat,Clay,Low Risk,2024
FRM0318,55,18.79,419040,384899,55,2,72,22,Cotton,Red,Medium Risk,2025
FRM0319,52,32.65,717542,66985,10,1,250,65,Sugarcane,Sandy,Low Risk,2020
FRM0320,23,28.97,662121,322213,52,1,123,40,Maize,Black,Low Risk,2021
FRM0321,52,18.45,368420,324470,54,2,374,43,Maize,Sandy,Medium Risk,2022
FRM0322,33,49.34,331685,118737,40,0,120,48,Wheat,Clay,Low Risk,2023
FRM0323,40,30.68,930889,222133,49,1,274,76,Cotton,Clay,Low Risk,2024
FRM0324,67,12.62,525526,164470,39,4,397,17,Rice,Red,High Risk,2025
FRM0325,39,5.99,94813,239465,38,5,119,96,Rice,Red,High Risk,2020
FRM0326,27,8.49,742558,60861,26,2,316,87,Cotton,Clay,Low Risk,2021
FRM0327,26,13.05,714180,348041,22,2,163,64,Rice,Black,Low Risk,2022
FRM0328,22,8.87,336214,222977,27,1,285,36,Wheat,Sandy,Low Risk,2023
FRM0329,36,10.14,978626,137118,53,0,264,62,Wheat,Loamy,Low Risk,2024
FRM0330,52,14.97,392703,340721,42,4,319,48,Cotton,Red,High Risk,2025
FRM0331,67,9.5,254615,206713,20,0,160,74,Rice,Loamy,Low Risk,2020
FRM0332,31,44.94,526657,19078,40,3,375,26,Wheat,Black,Medium Risk,2021
FRM0333,41,4.93,616074,428219,33,3,307,39,Wheat,Red,Medium Risk,2022
FRM0334,41,26.7,800294,334912,12,5,88,62,Sugarcane,Loamy,High Risk,2023
FRM0335,65,21.11,805164,61047,37,1,141,22,Sugarcane,Black,Low Risk,2024
FRM0336,49,49.14,449953,343770,16,1,202,30,Wheat,Sandy,Low Risk,2025
FRM0337,57,6.49,872494,329804,15,1,308,28,Cotton,Black,Low Risk,2020
FRM0338,57,20.49,888003,245458,14,5,226,62,Maize,Red,Medium Risk,2021
FRM0339,64,48.5,337654,453002,19,3,333,28,Maize,Clay,Medium Risk,2022
FRM0340,27,43.41,331570,405141,18,0,221,66,Wheat,Sandy,Low Risk,2023
FRM0341,46,41.04,87265,225048,30,5,40,34,Wheat,Loamy,High Risk,2024
FRM0342,46,13.64,985354,246293,7,5,195,95,Wheat,Red,Medium Risk,2025
FRM0343,53,9.37,299321,127832,40,0,67,40,Cotton,Clay,Low Risk,2020
FRM0344,40,33.76,116150,402550,12,1,263,90,Sugarcane,Black,Medium Risk,2021
FRM0345,49,46.54,661600,135150,26,4,1,64,Wheat,Clay,Medium Risk,2022
FRM0346,52,28.28,139613,167087,23,0,360,32,Wheat,Red,Low Risk,2023
FRM0347,47,29.01,387054,43320,8,3,124,41,Rice,Red,Medium Risk,2024
FRM0348,66,14.72,888807,337025,47,2,109,71,Cotton,Clay,Low Risk,2025
FRM0349,52,38.71,171826,100827,59,2,85,83,Wheat,Black,Low Risk,2020
FRM0350,24,10.17,609723,374359,44,5,119,19,Rice,Clay,High Risk,2021
FRM0351,67,16.86,932875,429505,46,2,126,81,Maize,Red,Low Risk,2022
FRM0352,38,21.85,500348,269931,54,4,254,63,Wheat,Red,Medium Risk,2023
FRM0353,23,25.87,260017,406605,16,1,182,61,Wheat,Loamy,Low Risk,2024
FRM0354,54,12.88,184055,428899,44,3,15,29,Rice,Loamy,High Risk,2025
FRM0355,68,6.63,540457,416845,29,4,61,41,Cotton,Sandy,Medium Risk,2020
FRM0356,36,30.92,726022,333694,51,3,368,23,Wheat,Red,Medium Risk,2021
FRM0357,63,15.14,859942,34826,24,3,157,59,Maize,Loamy,Low Risk,2022
FRM0358,47,29.48,783547,110734,9,1,267,37,Wheat,Clay,Low Risk,2023
FRM0359,49,8.56,746358,167702,31,5,34,62,Maize,Black,Medium Risk,2024
FRM0360,48,24.58,500062,239834,43,2,266,33,Sugarcane,Clay,Low Risk,2025
FRM0361,65,27.1,144071,187235,47,1,63,88,Sugarcane,Black,Low Risk,2020
FRM0362,25,3.54,843072,108511,37,4,49,31,Maize,Loamy,Medium Risk,2021
FRM0363,54,17.49,356691,469651,44,5,254,39,Cotton,Sandy,High Risk,2022
FRM0364,60,7.59,891052,283797,50,4,148,72,Wheat,Clay,Medium Risk,2023
FRM0365,56,4.11,196389,169033,51,5,324,13,Wheat,Clay,High Risk,2024
FRM0366,43,49.51,689896,91941,41,4,303,86,Sugarcane,Clay,Low Risk,2025
FRM0367,48,16.8,319708,215209,45,1,275,68,Maize,Black,Low Risk,2020
FRM0368,68,40.68,732705,305806,42,5,356,96,Wheat,Loamy,Medium Risk,2021
FRM0369,65,13.48,688112,108818,38,5,171,17,Wheat,Clay,High Risk,2022
FRM0370,50,34.39,304444,459662,41,3,200,91,Cotton,Clay,Medium Risk,2023
FRM0371,54,38.25,653561,162360,8,3,392,21,Rice,Sandy,Medium Risk,2024
FRM0372,52,30.19,911291,263627,14,0,323,40,Sugarcane,Sandy,Low Risk,2025
FRM0373,40,24.11,261837,105081,13,4,34,87,Sugarcane,Loamy,Low Risk,2020
FRM0374,51,21.18,160017,46877,38,3,215,43,Rice,Loamy,Medium Risk,2021
FRM0375,42,18.09,173618,383706,11,0,64,91,Wheat,Red,Low Risk,2022
FRM0376,52,46.55,509297,418529,46,3,7,84,Cotton,Sandy,Medium Risk,2023
FRM0377,22,41.7,175341,221957,44,4,300,85,Cotton,Red,Medium Risk,2024
FRM0378,37,48.29,865862,82715,9,5,342,58,Sugarcane,Black,Medium Risk,2025
FRM0379,44,7.09,780892,151398,18,2,331,88,Cotton,Red,Low Risk,2020
FRM0380,61,36.81,602076,120091,54,4,75,66,Rice,Clay,Medium Risk,2021
FRM0381,50,46.98,800865,142632,7,1,173,35,Wheat,Red,Low Risk,2022
FRM0382,22,9.88,491759,351292,10,3,46,27,Rice,Loamy,Medium Risk,2023
FRM0383,59,4.26,981423,93186,49,3,14,95,Maize,Black,Low Risk,2024
FRM0384,65,37.31,905778,429961,32,5,360,47,Sugarcane,Clay,Medium Risk,2025
FRM0385,43,29.15,932554,172962,37,1,146,90,Cotton,Red,Low Risk,2020
FRM0386,69,42.25,614262,161094,26,5,25,96,Maize,Black,Medium Risk,2021
FRM0387,51,7.85,943741,395773,13,1,307,97,Cotton,Black,Low Risk,2022
FRM0388,66,39.97,590659,455795,43,2,92,59,Wheat,Clay,Low Risk,2023
FRM0389,41,10.88,881516,80316,13,3,231,17,Wheat,Red,Medium Risk,2024
FRM0390,42,9.02,472845,487063,55,3,20,50,Wheat,Black,Medium Risk,2025
FRM0391,21,9.05,756544,38380,8,2,306,15,Cotton,Black,Low Risk,2020
FRM0392,46,40.91,374060,120198,59,0,37,78,Maize,Sandy,Low Risk,2021
FRM0393,61,33.59,648260,274500,49,5,275,53,Wheat,Black,High Risk,2022
FRM0394,21,26.63,243259,80326,8,2,156,73,Maize,Sandy,Low Risk,2023
FRM0395,45,18.58,325128,364591,27,5,178,38,Cotton,Red,High Risk,2024
FRM0396,36,43.98,869471,124994,11,4,131,37,Maize,Red,Medium Risk,2025
FRM0397,59,20.23,659719,230971,7,3,310,20,Cotton,Red,Medium Risk,2020
FRM0398,52,41.01,920123,292193,28,5,347,74,Cotton,Loamy,Medium Risk,2021
FRM0399,28,22.52,895038,478933,49,1,27,28,Sugarcane,Red,Low Risk,2022
FRM0400,62,19.47,453832,377505,7,5,259,18,Cotton,Black,High Risk,2023
FRM0401,67,23.67,939097,288226,43,4,75,36,Cotton,Clay,Medium Risk,2024
FRM0402,58,15.77,679661,272805,22,3,66,43,Rice,Sandy,Medium Risk,2025
FRM0403,48,37.63,231144,178484,40,2,341,53,Wheat,Loamy,Low Risk,2020
FRM0404,61,25.63,861006,275064,39,4,193,77,Sugarcane,Red,Medium Risk,2021
FRM0405,45,12.38,970934,494410,28,3,161,91,Sugarcane,Red,Low Risk,2022
FRM0406,54,45.08,300195,255378,35,5,346,24,Sugarcane,Clay,High Risk,2023
FRM0407,69,19.81,193748,463531,57,0,360,60,Rice,Clay,Medium Risk,2024
FRM0408,44,27.63,454032,351705,13,0,256,22,Cotton,Loamy,Low Risk,2025
FRM0409,43,45.42,82733,281090,27,1,71,92,Wheat,Sandy,Medium Risk,2020
FRM0410,32,31.59,791040,235314,49,3,86,58,Maize,Red,Low Risk,2021
FRM0411,26,6.73,576338,448716,41,0,261,79,Cotton,Loamy,Low Risk,2022
FRM0412,55,47.05,159996,245612,10,2,213,65,Rice,Black,Medium Risk,2023
FRM0413,64,31.76,608221,288453,18,3,152,85,Cotton,Black,Low Risk,2024
FRM0414,39,17.41,599239,65230,34,2,209,60,Cotton,Loamy,Low Risk,2025
FRM0415,20,7.82,606701,383966,36,2,60,46,Rice,Red,Low Risk,2020
FRM0416,27,39.91,215873,433243,52,0,267,26,Sugarcane,Loamy,Medium Risk,2021
FRM0417,65,31.38,760979,475757,21,3,261,67,Sugarcane,Red,Low Risk,2022
FRM0418,35,27.14,949005,384484,47,5,217,96,Wheat,Clay,Medium Risk,2023
FRM0419,33,44.8,483816,69321,35,4,282,99,Wheat,Loamy,Low Risk,2024
FRM0420,31,39.64,763135,142028,21,0,135,38,Sugarcane,Red,Low Risk,2025
FRM0421,42,8.43,271888,241447,17,0,379,42,Maize,Loamy,Low Risk,2020
FRM0422,34,16.27,835332,346275,22,5,361,69,Cotton,Loamy,Medium Risk,2021
FRM0423,47,13.18,795453,451124,21,3,92,98,Maize,Red,Low Risk,2022
FRM0424,53,37.45,817950,481555,17,3,108,64,Cotton,Red,Medium Risk,2023
FRM0425,21,2.64,216472,298107,13,2,240,19,Sugarcane,Sandy,Medium Risk,2024
FRM0426,51,28.92,447710,111757,25,5,354,56,Wheat,Loamy,High Risk,2025
FRM0427,42,38.36,261760,442659,8,5,141,32,Wheat,Black,High Risk,2020
FRM0428,41,43.96,172744,371403,21,3,290,94,Maize,Loamy,Medium Risk,2021
FRM0429,44,17.76,925863,311207,35,2,236,30,Wheat,Loamy,Medium Risk,2022
FRM0430,41,41.24,780051,386369,50,0,339,22,Sugarcane,Red,Low Risk,2023
FRM0431,41,6.42,551946,388544,28,1,311,42,Maize,Loamy,Low Risk,2024
FRM0432,68,42.48,93001,352962,33,4,176,33,Cotton,Loamy,High Risk,2025
FRM0433,61,7.25,641652,276847,56,0,140,20,Wheat,Black,Low Risk,2020
FRM0434,25,20.47,961420,206200,45,3,188,26,Rice,Red,Medium Risk,2021
FRM0435,34,40.07,881460,82099,59,4,48,77,Wheat,Loamy,Low Risk,2022
FRM0436,62,8.35,288506,429065,10,1,301,56,Cotton,Clay,Medium Risk,2023
FRM0437,56,12.23,803019,172932,25,1,368,34,Maize,Sandy,Low Risk,2024
FRM0438,52,36.39,480789,41585,45,2,189,82,Cotton,Black,Low Risk,2025
FRM0439,27,36.28,706166,425231,49,4,135,30,Rice,Loamy,Medium Risk,2020
FRM0440,63,32.42,960775,480755,6,2,42,93,Sugarcane,Clay,Low Risk,2021
FRM0441,63,35.0,761998,53585,35,0,379,92,Wheat,Loamy,Low Risk,2022
FRM0442,24,27.59,702589,299102,26,5,352,92,Maize,Loamy,Medium Risk,2023
FRM0443,58,13.34,962727,298161,25,5,89,21,Sugarcane,Red,High Risk,2024
FRM0444,23,17.94,549722,479923,11,5,294,46,Cotton,Red,High Risk,2025
FRM0445,25,9.9,735117,396821,27,4,340,51,Maize,Red,Medium Risk,2020
FRM0446,64,45.51,608924,448566,23,5,244,26,Sugarcane,Clay,High Risk,2021
FRM0447,51,29.59,785457,415417,13,0,191,57,Maize,Loamy,Low Risk,2022
FRM0448,49,20.64,229352,301570,44,2,317,37,Rice,Sandy,Medium Risk,2023
FRM0449,66,23.64,860694,289922,37,4,105,50,Rice,Black,Medium Risk,2024
FRM0450,54,47.42,916867,186313,38,2,362,56,Wheat,Red,Low Risk,2025
FRM0451,59,8.51,243283,52229,58,4,309,27,Wheat,Red,Medium Risk,2020
FRM0452,35,29.73,965015,96652,21,2,381,87,Rice,Loamy,Low Risk,2021
FRM0453,32,25.79,500195,400411,17,1,232,80,Maize,Loamy,Low Risk,2022
FRM0454,69,30.96,819884,259474,43,2,264,22,Rice,Clay,Medium Risk,2023
FRM0455,61,1.89,481413,189436,57,5,343,91,Wheat,Clay,Medium Risk,2024
FRM0456,49,43.73,353988,398647,39,1,36,22,Rice,Red,Medium Risk,2025
FRM0457,38,46.67,376898,270116,19,2,304,40,Rice,Loamy,Low Risk,2020
FRM0458,36,28.69,913561,357022,41,4,40,11,Maize,Sandy,High Risk,2021
FRM0459,38,35.14,352186,329200,38,4,16,25,Sugarcane,Black,High Risk,2022
FRM0460,47,46.2,111665,430706,28,4,343,18,Wheat,Loamy,High Risk,2023
FRM0461,45,35.65,296584,29975,55,3,276,82,Maize,Loamy,Low Risk,2024
FRM0462,56,8.47,166953,167795,50,0,306,47,Rice,Clay,Low Risk,2025
FRM0463,45,29.24,526072,426495,7,4,58,84,Rice,Black,Medium Risk,2020
FRM0464,42,30.73,732736,219373,46,1,182,63,Sugarcane,Red,Low Risk,2021
FRM0465,28,21.78,236626,414777,26,4,40,65,Wheat,Loamy,High Risk,2022
FRM0466,31,37.09,195271,207133,7,3,38,95,Wheat,Red,Medium Risk,2023
FRM0467,20,46.78,168533,360541,32,5,396,96,Cotton,Loamy,High Risk,2024
FRM0468,20,46.35,648069,190225,14,1,191,54,Wheat,Red,Low Risk,2025
FRM0469,66,23.09,515966,305286,6,3,266,43,Sugarcane,Black,Medium Risk,2020
FRM0470,53,6.55,116262,299060,16,5,146,18,Cotton,Clay,High Risk,2021
FRM0471,51,49.26,883032,74324,8,1,394,97,Cotton,Black,Low Risk,2022
FRM0472,67,42.11,126898,186037,57,2,332,17,Rice,Sandy,High Risk,2023
FRM0473,44,7.11,505699,398076,28,0,126,16,Rice,Clay,Low Risk,2024
FRM0474,59,46.12,199369,145720,31,0,45,45,Wheat,Black,Low Risk,2025
FRM0475,64,43.62,604736,176205,9,3,44,27,Cotton,Sandy,Medium Risk,2020
FRM0476,20,26.42,338316,453893,23,5,0,12,Rice,Loamy,High Risk,2021
FRM0477,35,29.97,57657,106059,11,0,167,37,Sugarcane,Loamy,Low Risk,2022
FRM0478,58,20.55,527602,497804,40,5,107,79,Rice,Red,Medium Risk,2023
FRM0479,24,3.68,830977,108317,27,5,18,53,Rice,Clay,Medium Risk,2024
FRM0480,41,17.42,992929,211207,48,3,331,30,Cotton,Loamy,Medium Risk,2025
FRM0481,48,40.34,994189,307190,20,3,71,37,Cotton,Clay,Medium Risk,2020
FRM0482,22,1.23,424999,450280,27,3,108,63,Maize,Loamy,Medium Risk,2021
FRM0483,31,17.34,992082,111459,42,0,267,63,Sugarcane,Red,Low Risk,2022
FRM0484,45,20.51,734191,247697,57,3,239,74,Cotton,Black,Low Risk,2023
FRM0485,35,27.33,57906,210422,47,0,300,30,Wheat,Red,High Risk,2024
FRM0486,56,46.07,373557,318037,17,3,89,22,Sugarcane,Sandy,Medium Risk,2025
FRM0487,41,17.97,628316,111520,52,4,102,66,Sugarcane,Loamy,Low Risk,2020
FRM0488,48,18.0,843719,397962,54,5,249,58,Cotton,Sandy,High Risk,2021
FRM0489,33,37.14,345804,71272,47,3,7,63,Sugarcane,Sandy,Low Risk,2022
FRM0490,47,23.16,518974,233224,43,1,152,19,Cotton,Clay,Low Risk,2023
FRM0491,24,12.01,896936,339793,23,5,346,62,Rice,Loamy,Medium Risk,2024
FRM0492,66,23.17,765080,336818,50,5,173,53,Maize,Sandy,High Risk,2025
FRM0493,68,7.9,677267,154832,40,3,342,56,Rice,Black,Medium Risk,2020
FRM0494,49,9.64,84701,162999,35,2,157,62,Cotton,Sandy,Medium Risk,2021
FRM0495,65,25.42,133300,358619,29,3,214,83,Cotton,Black,High Risk,2022
FRM0496,24,21.53,815537,71367,47,5,176,55,Rice,Clay,Medium Risk,2023
FRM0497,31,45.83,723034,239027,35,1,174,22,Wheat,Sandy,Low Risk,2024
FRM0498,35,18.76,133560,415804,19,5,339,46,Wheat,Red,High Risk,2025
FRM0499,45,29.45,292615,393894,11,1,337,33,Wheat,Clay,Medium Risk,2020
FRM0500,45,31.98,991378,242750,8,0,145,11,Cotton,Black,Low Risk,2021
